"0","library(psych)"
"0","library(stringr)"
"0","library(ggplot2)"
"0","library(lmerTest)"
"0","library(report)"
"0","library(coin)"
"2","Loading required package: survival
"
"0","library(multcomp)"
"2","Loading required package: mvtnorm
"
"2","Loading required package: TH.data
"
"2","Loading required package: MASS
"
"2","
Attaching package: ‘TH.data’

"
"2","The following object is masked from ‘package:MASS’:

    geyser

"
"0","library(multgee)"
"2","Loading required package: gnm
"
"2","
Attaching package: ‘gnm’

"
"2","The following object is masked from ‘package:mvtnorm’:

    Mult

"
"2","
Attaching package: ‘multgee’

"
"2","The following object is masked from ‘package:MASS’:

    housing

"
"0","library(plyr)"
"0","library(dplyr)"
"2","
Attaching package: ‘dplyr’

"
"2","The following objects are masked from ‘package:plyr’:

    arrange, count, desc, failwith, id, mutate, rename, summarise, summarize

"
"2","The following object is masked from ‘package:MASS’:

    select

"
"2","The following objects are masked from ‘package:stats’:

    filter, lag

"
"2","The following objects are masked from ‘package:base’:

    intersect, setdiff, setequal, union

"
